Student_ID,Gender,Department,Study_Group,Attendance_Range,Parental_Education,Internet_Access,Private_Tuition,Study_Hours_Daily,Math_Score,Science_Score,English_Score,Social_Score,Computer_Score,Total_Marks,Average_Score,Grade,Result,Academic_Year
STU0001,Male,Science,Group C,75-90%,High School,Yes,Yes,2.6,89,75,81,86,84,415,83.0,A,Pass,2024
STU0002,Male,Science,Group A,Above 90%,High School,No,No,1.7,63,62,69,69,77,340,68.0,B,Pass,2023
STU0003,Female,Science,Group C,75-90%,Post Graduate,No,Yes,7.2,64,66,63,61,72,326,65.2,B,Pass,2023
STU0004,Male,Management,Group A,Below 60%,High School,Yes,No,3.5,45,50,58,56,51,260,52.0,C,Pass,2024
STU0005,Male,Arts,Group B,60-75%,Post Graduate,Yes,Yes,6.4,57,40,40,40,34,211,42.2,D,Pass,2022
STU0006,Female,Science,Group C,Above 90%,,Yes,Yes,2.9,81,81,80,91,81,414,82.8,A,Pass,2022
STU0007,Female,Management,Group A,Above 90%,Post Graduate,No,No,2.1,71,61,71,73,68,344,68.8,B,Pass,2024
STU0008,Male,Technology,Group C,Above 90%,Graduate,No,No,5.5,67,66,60,62,66,321,64.2,C,Pass,2022
STU0009,Female,Arts,Group C,60-75%,Graduate,Yes,No,2.4,48,62,60,60,49,279,55.8,C,Pass,2023
STU0010,Male,Commerce,Group B,75-90%,Graduate,Yes,Yes,1.6,76,83,85,96,73,413,82.6,A,Pass,2023
STU0011,Male,Science,Group B,60-75%,Post Graduate,No,Yes,6.0,45,60,44,47,38,234,46.8,D,Pass,2023
STU0012,Female,Arts,Group A,Above 90%,High School,Yes,Yes,2.6,81,74,77,83,78,393,78.6,B,Pass,2022
STU0013,Male,Arts,Group C,60-75%,Graduate,No,Yes,2.3,81,64,68,73,59,345,69.0,B,Pass,2022
STU0014,Female,Technology,Group C,Above 90%,Graduate,No,Yes,2.3,61,77,71,69,65,343,68.6,B,Pass,2024
STU0015,Male,Technology,Group A,Above 90%,High School,No,No,4.8,67,73,60,77,74,351,70.2,B,Pass,2022
STU0016,Male,Science,Group A,60-75%,Graduate,No,No,6.5,51,61,61,49,70,292,58.4,C,Pass,2023
STU0017,Female,Technology,Group A,60-75%,High School,No,Yes,7.0,45,49,47,42,45,228,45.6,D,Pass,2022
STU0018,Male,Science,Group B,60-75%,High School,Yes,Yes,5.1,83,75,81,69,71,379,75.8,B,Pass,2024
STU0019,Female,Arts,Group B,60-75%,Post Graduate,No,Yes,4.2,53,46,52,48,46,245,49.0,D,Pass,2024
STU0020,Male,Science,Group B,60-75%,Post Graduate,No,Yes,5.3,61,67,72,75,61,336,67.2,B,Pass,2024
STU0021,Male,Management,Group B,75-90%,Post Graduate,Yes,,2.4,77,71,74,67,70,359,71.8,B,Pass,2024
STU0022,Female,Arts,Group B,75-90%,High School,Yes,No,5.9,73,83,82,75,77,390,78.0,B,Pass,2024
STU0023,Male,Science,Group B,Below 60%,Post Graduate,Yes,Yes,7.0,47,52,52,59,42,252,50.4,C,Pass,2023
STU0024,Male,Commerce,Group A,Below 60%,Graduate,No,Yes,3.3,50,67,52,73,63,305,61.0,C,Pass,2023
STU0025,Female,Commerce,Group A,60-75%,Post Graduate,Yes,No,2.6,55,61,53,54,68,291,58.2,C,Pass,2022
STU0026,Female,Commerce,Group B,75-90%,Graduate,Yes,No,7.8,55,67,59,63,58,302,60.4,C,Pass,2022
STU0027,Female,Management,Group C,Below 60%,High School,No,No,1.3,35,44,41,45,39,204,40.8,D,Pass,2023
STU0028,Male,Science,Group C,75-90%,Graduate,Yes,No,3.8,69,57,54,56,64,300,60.0,C,Pass,2023
STU0029,Male,Management,Group C,60-75%,Graduate,No,Yes,5.2,48,53,46,53,60,260,52.0,C,Pass,2023
STU0030,Female,Technology,Group C,Above 90%,Post Graduate,Yes,No,6.3,75,65,72,67,83,362,72.4,B,Pass,2024
STU0031,Male,Arts,Group A,60-75%,High School,Yes,Yes,6.0,73,74,68,80,68,363,72.6,B,Pass,2023
STU0032,Female,Technology,Group B,60-75%,High School,Yes,Yes,1.8,76,63,60,51,61,311,62.2,C,Pass,2022
STU0033,Female,Technology,Group A,Above 90%,Post Graduate,No,No,4.6,59,66,70,58,58,311,62.2,C,Pass,2024
STU0034,Female,Commerce,Group B,Above 90%,High School,No,Yes,2.5,77,69,67,63,68,344,68.8,B,Pass,2023
STU0035,Female,Technology,Group B,Above 90%,Graduate,Yes,Yes,4.3,76,70,69,76,64,355,71.0,B,Pass,2023
STU0036,Female,Arts,Group A,Above 90%,Post Graduate,Yes,No,6.9,77,63,75,74,61,350,70.0,B,Pass,2022
STU0037,Male,Management,Group C,Above 90%,Post Graduate,Yes,Yes,3.4,70,67,69,61,71,338,67.6,B,Pass,2023
STU0038,Female,Arts,Group C,75-90%,High School,No,Yes,6.3,28,29,40,36,26,159,31.8,D,Fail,2022
STU0039,Male,Commerce,Group C,60-75%,High School,Yes,No,7.7,79,65,70,63,75,352,70.4,B,Pass,2024
STU0040,Male,Science,Group C,75-90%,High School,Yes,No,5.4,42,48,60,65,60,275,55.0,C,Pass,2022
STU0041,Male,Arts,Group A,Below 60%,Graduate,No,No,5.4,32,39,25,46,42,184,36.8,D,Fail,2023
STU0042,Female,Commerce,Group B,60-75%,Post Graduate,No,No,7.2,41,36,47,39,35,198,39.6,D,Fail,2022
STU0043,Female,Technology,Group A,75-90%,High School,No,No,4.9,52,52,56,40,45,245,49.0,D,Pass,2024
STU0044,Male,Commerce,Group C,60-75%,Post Graduate,No,No,2.6,41,46,46,51,48,232,46.4,D,Pass,2024
STU0045,Female,Commerce,Group C,75-90%,Graduate,No,No,3.2,51,48,54,54,62,269,53.8,C,Pass,2024
STU0046,Male,Management,Group C,60-75%,High School,No,No,3.5,33,24,30,41,34,162,32.4,D,Fail,2023
STU0047,Male,Science,Group C,75-90%,High School,Yes,No,4.4,72,75,73,81,76,377,75.4,B,Pass,2023
STU0048,Male,Commerce,Group B,75-90%,Graduate,Yes,Yes,1.6,62,61,59,68,48,298,59.6,C,Pass,2022
STU0049,Female,Science,Group B,60-75%,Post Graduate,No,No,1.7,54,39,49,63,52,257,51.4,C,Pass,2022
STU0050,Female,Commerce,Group C,Below 60%,High School,Yes,Yes,5.9,53,45,55,52,57,262,52.4,C,Pass,2024
STU0051,Male,Technology,Group A,60-75%,Graduate,Yes,No,3.2,41,53,38,47,45,224,44.8,D,Pass,2024
STU0052,Female,Management,Group C,Above 90%,High School,No,No,6.1,64,55,60,49,54,282,56.4,C,Pass,2024
STU0053,Male,Arts,Group C,Below 60%,High School,Yes,No,5.1,60,49,59,61,56,285,57.0,C,Pass,2024
STU0054,Male,Technology,Group B,Above 90%,Graduate,No,No,6.7,49,54,66,55,73,297,59.4,C,Pass,2024
STU0055,Female,Science,Group A,Below 60%,Graduate,No,No,3.9,46,30,46,43,41,206,41.2,D,Pass,2022
STU0056,Female,Management,Group A,Above 90%,Post Graduate,No,Yes,5.4,77,71,84,72,74,378,75.6,B,Pass,2022
STU0057,Female,Commerce,Group A,Below 60%,Post Graduate,No,Yes,6.0,65,62,66,69,59,321,64.2,C,Pass,2024
STU0058,Female,Arts,Group C,Above 90%,Graduate,Yes,No,6.4,78,67,70,76,76,367,73.4,B,Pass,2023
STU0059,Female,Arts,Group A,Below 60%,Graduate,No,No,7.1,33,26,38,20,41,158,31.6,D,Fail,2024
STU0060,Female,Commerce,Group C,60-75%,Graduate,Yes,No,2.1,39,24,47,40,29,179,35.8,D,Fail,2022
STU0061,Female,Commerce,Group A,Below 60%,Graduate,Yes,No,3.4,37,41,41,25,46,190,38.0,D,Fail,2024
STU0062,Male,Technology,Group C,75-90%,Post Graduate,No,No,7.4,47,58,56,66,60,287,57.4,C,Pass,2022
STU0063,Female,Science,Group A,Below 60%,Post Graduate,Yes,No,2.0,26,49,41,37,44,197,39.4,D,Fail,2024
STU0064,Male,Technology,Group C,60-75%,High School,Yes,No,5.7,44,47,49,46,46,232,46.4,D,Pass,2023
STU0065,Male,Arts,Group C,Below 60%,Graduate,No,No,1.7,49,46,53,65,51,264,52.8,C,Pass,2023
STU0066,Female,Management,Group C,75-90%,Post Graduate,No,,6.2,67,74,60,82,65,348,69.6,B,Pass,2023
STU0067,Female,Commerce,Group C,60-75%,Post Graduate,Yes,No,1.3,45,54,53,63,60,275,55.0,C,Pass,2023
STU0068,Female,Science,Group C,60-75%,High School,No,No,2.9,47,48,35,39,50,219,43.8,D,Pass,2022
STU0069,Female,Arts,Group B,75-90%,Post Graduate,No,Yes,7.8,71,83,70,69,55,348,69.6,B,Pass,2024
STU0070,Male,Arts,Group B,Above 90%,High School,No,Yes,5.7,73,65,70,61,61,330,66.0,B,Pass,2023
STU0071,Female,Science,Group C,60-75%,Post Graduate,Yes,No,1.7,58,61,61,49,58,287,57.4,C,Pass,2024
STU0072,Female,Commerce,Group B,Above 90%,Graduate,No,Yes,2.5,57,55,58,64,75,309,61.8,C,Pass,2023
STU0073,Female,Commerce,Group A,Below 60%,Post Graduate,No,No,5.5,38,44,42,25,38,187,37.4,D,Fail,2024
STU0074,Male,Science,Group A,75-90%,High School,Yes,Yes,6.5,71,68,73,79,88,379,75.8,B,Pass,2024
STU0075,Female,Science,Group A,60-75%,High School,No,Yes,2.2,55,67,57,57,62,298,59.6,C,Pass,2022
STU0076,Female,Commerce,Group B,Below 60%,Post Graduate,Yes,No,6.5,39,52,50,48,46,235,47.0,D,Pass,2024
STU0077,Female,Management,Group B,Above 90%,Post Graduate,Yes,Yes,3.3,79,92,89,70,89,419,83.8,A,Pass,2022
STU0078,Male,Science,Group C,75-90%,Post Graduate,No,No,5.6,50,49,49,47,40,235,47.0,D,Pass,2024
STU0079,Female,Commerce,Group B,Above 90%,High School,No,No,5.8,62,54,60,56,71,303,60.6,C,Pass,2023
STU0080,Male,Science,Group C,Below 60%,High School,No,Yes,1.9,36,39,44,41,44,204,40.8,D,Pass,2023
STU0081,Male,Technology,Group A,75-90%,Post Graduate,No,No,3.6,53,52,52,65,62,284,56.8,C,Pass,2023
STU0082,Male,Management,Group A,Above 90%,Post Graduate,Yes,No,5.0,85,75,81,91,77,409,81.8,A,Pass,2023
STU0083,Male,Science,Group B,Below 60%,High School,Yes,No,7.2,41,38,44,49,37,209,41.8,D,Pass,2022
STU0084,Male,Commerce,Group B,Below 60%,Graduate,No,No,5.7,29,35,39,31,35,169,33.8,D,Fail,2024
STU0085,Female,Technology,Group A,Below 60%,High School,No,Yes,4.5,67,54,44,52,56,273,54.6,C,Pass,2023
STU0086,Male,Commerce,Group A,Above 90%,Post Graduate,Yes,No,4.0,67,55,63,66,63,314,62.8,C,Pass,2023
STU0087,Female,Technology,Group A,Below 60%,Graduate,Yes,No,2.7,40,55,38,60,54,247,49.4,D,Pass,2024
STU0088,Male,Technology,Group B,Above 90%,Graduate,No,Yes,3.5,73,70,71,79,85,378,75.6,B,Pass,2024
STU0089,Male,Commerce,Group A,Below 60%,High School,No,Yes,6.3,31,35,34,38,30,168,33.6,D,Fail,2024
STU0090,Female,Technology,Group B,75-90%,High School,No,Yes,4.2,63,61,63,55,61,303,60.6,C,Pass,2022
STU0091,Female,Arts,Group B,Below 60%,Post Graduate,Yes,No,2.3,20,27,26,35,23,131,26.2,D,Fail,2024
STU0092,Male,Technology,Group C,Below 60%,Graduate,Yes,No,5.3,59,64,56,63,54,296,59.2,C,Pass,2023
STU0093,Female,Arts,Group C,Above 90%,Graduate,No,Yes,5.6,71,80,77,70,82,380,76.0,B,Pass,2024
STU0094,Female,Commerce,Group B,Below 60%,Post Graduate,Yes,No,3.6,55,50,61,62,55,283,56.6,C,Pass,2023
STU0095,Male,Commerce,Group B,Above 90%,Post Graduate,No,Yes,2.1,81,62,75,79,93,390,78.0,B,Pass,2023
STU0096,Male,Science,Group A,75-90%,Post Graduate,Yes,No,3.9,82,74,63,76,78,373,74.6,B,Pass,2024
STU0097,Female,Commerce,Group C,75-90%,Post Graduate,No,Yes,,84,72,58,73,77,364,72.8,B,Pass,2023
STU0098,Female,Technology,Group A,Above 90%,Post Graduate,No,Yes,1.7,73,76,83,82,70,384,76.8,B,Pass,2024
STU0099,Female,Science,Group C,Below 60%,High School,No,No,1.2,50,49,43,38,46,226,45.2,D,Pass,2022
STU0100,Female,Technology,Group A,60-75%,Graduate,Yes,No,3.0,75,77,67,74,70,363,72.6,B,Pass,2023
STU0101,Female,Commerce,Group A,Above 90%,Post Graduate,Yes,Yes,3.0,90,70,77,76,78,391,78.2,B,Pass,2023
STU0102,Male,Science,Group A,60-75%,Graduate,No,,3.0,56,54,61,52,58,281,56.2,C,Pass,2022
STU0103,Female,Management,Group C,60-75%,Post Graduate,No,Yes,4.6,46,43,62,41,50,242,48.4,D,Pass,2022
STU0104,Female,Technology,Group B,Below 60%,Post Graduate,No,No,5.1,34,43,41,38,37,193,38.6,D,Fail,2023
STU0105,Male,Commerce,Group C,75-90%,Post Graduate,No,Yes,4.2,58,48,49,67,59,281,56.2,C,Pass,2023
STU0106,Male,Commerce,Group C,60-75%,High School,No,No,7.0,44,36,38,34,34,186,37.2,D,Fail,2022
STU0107,Female,Arts,Group C,Below 60%,Graduate,No,No,6.6,26,20,24,20,20,110,22.0,D,Fail,2023
STU0108,Female,Science,Group B,Below 60%,Graduate,Yes,No,4.1,53,48,55,49,47,252,50.4,C,Pass,2023
STU0109,Female,Science,Group C,Above 90%,Graduate,Yes,Yes,5.3,70,77,67,78,74,366,73.2,B,Pass,2023
STU0110,Male,Science,Group B,Below 60%,High School,No,No,1.5,41,45,46,36,46,214,42.8,D,Pass,2022
STU0111,Female,Management,Group A,Above 90%,Graduate,No,Yes,5.9,80,66,78,88,87,399,79.8,B,Pass,2022
STU0112,Female,Management,Group A,Above 90%,High School,Yes,Yes,3.2,67,61,64,58,53,303,60.6,C,Pass,2023
STU0113,Female,Science,Group C,75-90%,High School,Yes,No,5.0,85,69,65,62,68,349,69.8,B,Pass,2023
STU0114,Male,Management,Group C,Below 60%,High School,No,No,5.5,30,39,28,54,45,196,39.2,D,Fail,2023
STU0115,Female,Technology,Group B,60-75%,Post Graduate,Yes,Yes,7.5,46,50,41,45,50,232,46.4,D,Pass,2022
STU0116,Female,Arts,Group A,Below 60%,Graduate,Yes,No,2.2,31,44,41,29,32,177,35.4,D,Fail,2024
STU0117,Female,Management,Group C,Below 60%,High School,Yes,Yes,7.2,49,55,60,52,52,268,53.6,C,Pass,2024
STU0118,Female,Arts,Group B,Above 90%,High School,No,No,3.2,70,63,71,72,77,353,70.6,B,Pass,2024
STU0119,Female,Arts,Group B,Above 90%,High School,No,Yes,7.0,78,72,76,91,79,396,79.2,B,Pass,2023
STU0120,Male,Commerce,Group A,75-90%,Post Graduate,No,Yes,4.5,58,53,58,75,60,304,60.8,C,Pass,2022
STU0121,Female,Commerce,Group C,Below 60%,,No,No,7.2,42,41,49,52,43,227,45.4,D,Pass,2024
STU0122,Female,Arts,Group C,75-90%,High School,No,Yes,6.8,58,59,65,52,63,297,59.4,C,Pass,2024
STU0123,Male,Management,Group B,60-75%,High School,No,No,1.3,40,47,48,41,43,219,43.8,D,Pass,2024
STU0124,Female,Arts,Group C,Above 90%,High School,Yes,No,4.6,74,60,62,61,64,321,64.2,C,Pass,2023
STU0125,Female,Management,Group C,Above 90%,High School,No,No,5.2,77,68,83,80,67,375,75.0,B,Pass,2023
STU0126,Male,Management,Group C,Below 60%,Post Graduate,No,Yes,7.6,34,42,37,39,38,190,38.0,D,Fail,2022
STU0127,Male,Commerce,Group B,Above 90%,Graduate,No,Yes,1.4,66,74,60,79,64,343,68.6,B,Pass,2022
STU0128,Male,Management,Group B,75-90%,,No,No,5.8,66,61,67,62,57,313,62.6,C,Pass,2024
STU0129,Female,Arts,Group A,60-75%,High School,No,No,,65,72,63,68,64,332,66.4,B,Pass,2024
STU0130,Female,Arts,Group B,Below 60%,Post Graduate,No,No,4.1,50,52,57,52,48,259,51.8,C,Pass,2023
STU0131,Male,Technology,Group A,60-75%,Post Graduate,No,No,2.6,66,60,61,64,57,308,61.6,C,Pass,2022
STU0132,Female,Technology,Group C,Above 90%,High School,Yes,Yes,6.3,84,77,76,74,85,396,79.2,B,Pass,2023
STU0133,Female,Arts,Group A,Below 60%,High School,Yes,Yes,2.3,45,41,39,46,30,201,40.2,D,Pass,2024
STU0134,Male,Arts,Group B,Below 60%,Graduate,Yes,No,2.9,36,21,32,39,39,167,33.4,D,Fail,2022
STU0135,Male,Arts,Group A,Above 90%,Post Graduate,No,Yes,7.3,63,64,70,80,84,361,72.2,B,Pass,2023
STU0136,Female,Management,Group A,Below 60%,Graduate,Yes,Yes,3.3,36,40,34,29,35,174,34.8,D,Fail,2024
STU0137,Male,Management,Group A,75-90%,Post Graduate,No,Yes,6.4,57,68,69,76,57,327,65.4,B,Pass,2024
STU0138,Female,Science,Group A,75-90%,Post Graduate,Yes,Yes,6.3,65,70,63,59,51,308,61.6,C,Pass,2024
STU0139,Male,Commerce,Group A,Below 60%,Post Graduate,No,No,2.2,41,49,33,45,50,218,43.6,D,Pass,2024
STU0140,Male,Technology,Group C,60-75%,Post Graduate,No,Yes,5.7,56,59,59,47,52,273,54.6,C,Pass,2023
STU0141,Female,Science,Group A,75-90%,High School,Yes,Yes,4.3,66,59,61,78,51,315,63.0,C,Pass,2023
STU0142,Male,Technology,Group B,60-75%,Post Graduate,No,No,1.9,37,31,34,46,30,178,35.6,D,Fail,2023
STU0143,Male,Science,Group A,Above 90%,Post Graduate,Yes,Yes,2.6,64,71,82,74,83,374,74.8,B,Pass,2023
STU0144,Male,Arts,Group C,75-90%,High School,Yes,Yes,1.2,66,61,60,61,63,311,62.2,C,Pass,2024
STU0145,Male,Science,Group C,Below 60%,Graduate,No,Yes,6.1,62,57,53,48,61,281,56.2,C,Pass,2023
STU0146,Female,Management,Group B,60-75%,Graduate,Yes,Yes,4.0,64,73,58,70,57,322,64.4,C,Pass,2023
STU0147,Female,Science,Group B,Above 90%,Post Graduate,No,No,6.0,76,71,65,75,67,354,70.8,B,Pass,2023
STU0148,Female,Science,Group A,Above 90%,Post Graduate,Yes,No,6.8,77,77,74,65,77,370,74.0,B,Pass,2022
STU0149,Female,Arts,Group B,Below 60%,High School,Yes,Yes,6.2,70,53,67,58,61,309,61.8,C,Pass,2024
STU0150,Male,Technology,Group B,60-75%,Graduate,Yes,No,1.7,52,44,50,39,47,232,46.4,D,Pass,2024
STU0151,Female,Technology,Group A,60-75%,Graduate,No,No,3.9,43,47,47,53,41,231,46.2,D,Pass,2022
STU0152,Female,Commerce,Group C,60-75%,Graduate,Yes,No,4.4,40,47,57,57,46,247,49.4,D,Pass,2022
STU0153,Male,Arts,Group C,60-75%,Post Graduate,No,Yes,1.3,77,66,76,89,83,391,78.2,B,Pass,2022
STU0154,Male,Technology,Group A,60-75%,High School,Yes,Yes,4.4,55,48,50,49,50,252,50.4,C,Pass,2022
STU0155,Female,Management,Group A,Below 60%,High School,No,No,4.7,27,20,32,34,39,152,30.4,D,Fail,2022
STU0156,Female,Commerce,Group B,75-90%,Graduate,No,Yes,1.6,74,76,84,72,87,393,78.6,B,Pass,2024
STU0157,Male,Science,Group A,Above 90%,Graduate,No,No,7.8,51,68,63,55,54,291,58.2,C,Pass,2022
STU0158,Male,Management,Group A,60-75%,High School,No,No,7.0,56,59,66,58,57,296,59.2,C,Pass,2022
STU0159,Male,Commerce,Group C,Above 90%,High School,No,Yes,2.0,87,66,82,70,84,389,77.8,B,Pass,2024
STU0160,Female,Science,Group A,Below 60%,High School,No,Yes,2.9,49,46,39,40,39,213,42.6,D,Pass,2023
STU0161,Male,Technology,Group A,75-90%,Post Graduate,No,No,1.6,46,62,58,58,45,269,53.8,C,Pass,2022
STU0162,Male,Technology,Group A,Above 90%,Graduate,No,Yes,4.1,82,78,84,84,84,412,82.4,A,Pass,2024
STU0163,Female,Management,Group C,Below 60%,High School,Yes,No,1.6,58,51,58,52,59,278,55.6,C,Pass,2024
STU0164,Male,Commerce,Group B,Above 90%,High School,Yes,No,3.5,74,73,74,67,81,369,73.8,B,Pass,2022
STU0165,Male,Technology,Group A,Above 90%,High School,Yes,No,6.7,77,70,72,75,83,377,75.4,B,Pass,2024
STU0166,Male,Management,Group B,75-90%,Graduate,Yes,No,6.5,73,64,75,56,56,324,64.8,C,Pass,2023
STU0167,Female,Technology,Group C,Above 90%,Graduate,Yes,Yes,2.5,84,85,83,82,70,404,80.8,A,Pass,2023
STU0168,Female,Science,Group B,Above 90%,High School,No,Yes,3.8,60,68,66,76,67,337,67.4,B,Pass,2024
STU0169,Male,Technology,Group A,75-90%,Post Graduate,Yes,Yes,3.8,64,67,67,79,67,344,68.8,B,Pass,2023
STU0170,Male,Technology,Group C,Below 60%,High School,No,Yes,5.8,40,46,44,42,52,224,44.8,D,Pass,2024
STU0171,Male,Management,Group B,75-90%,High School,No,Yes,4.2,58,60,58,54,54,284,56.8,C,Pass,2022
STU0172,Female,Management,Group C,75-90%,Graduate,Yes,No,5.5,57,59,71,72,70,329,65.8,B,Pass,2024
STU0173,Male,Commerce,Group C,60-75%,Post Graduate,Yes,No,3.8,50,49,40,51,55,245,49.0,D,Pass,2024
STU0174,Male,Management,Group A,Above 90%,Post Graduate,No,No,7.1,61,65,56,68,66,316,63.2,C,Pass,2022
STU0175,Female,Arts,Group C,60-75%,Graduate,Yes,No,3.4,55,56,56,54,56,277,55.4,C,Pass,2023
STU0176,Male,Management,Group B,75-90%,Post Graduate,Yes,Yes,2.0,81,81,85,70,77,394,78.8,B,Pass,2023
STU0177,Male,Technology,Group B,Above 90%,Post Graduate,Yes,Yes,4.4,82,83,72,90,67,394,78.8,B,Pass,2022
STU0178,Female,Technology,Group C,Above 90%,Post Graduate,No,No,2.9,66,73,72,72,66,349,69.8,B,Pass,2024
STU0179,Male,Arts,Group C,Above 90%,Post Graduate,No,Yes,6.0,92,87,81,86,83,429,85.8,A,Pass,2024
STU0180,Female,Commerce,Group A,Below 60%,Post Graduate,Yes,No,2.7,39,40,33,50,37,199,39.8,D,Fail,2024
STU0181,Female,Management,Group A,Above 90%,High School,Yes,Yes,3.0,76,75,82,93,98,424,84.8,A,Pass,2024
STU0182,Male,Arts,Group C,60-75%,Graduate,Yes,No,5.7,74,66,74,71,57,342,68.4,B,Pass,2023
STU0183,Female,Commerce,Group C,Above 90%,Graduate,No,Yes,4.2,68,70,83,73,67,361,72.2,B,Pass,2023
STU0184,Male,Arts,Group A,Below 60%,Post Graduate,No,No,3.0,36,53,40,36,42,207,41.4,D,Pass,2024
STU0185,Male,Management,Group A,Above 90%,,Yes,Yes,7.9,61,83,70,73,74,361,72.2,B,Pass,2023
STU0186,Male,Commerce,Group C,75-90%,High School,No,Yes,,67,61,59,75,68,330,66.0,B,Pass,2022
STU0187,Male,Technology,Group A,Below 60%,High School,Yes,No,7.9,52,48,48,44,38,230,46.0,D,Pass,2023
STU0188,Female,Commerce,Group C,Below 60%,High School,No,Yes,7.1,46,45,52,39,56,238,47.6,D,Pass,2024
STU0189,Male,Commerce,Group B,Below 60%,Post Graduate,Yes,No,1.6,34,46,47,37,32,196,39.2,D,Fail,2022
STU0190,Male,Commerce,Group A,Above 90%,Graduate,No,,7.6,75,67,73,66,62,343,68.6,B,Pass,2022
STU0191,Male,Arts,Group C,60-75%,Post Graduate,No,No,5.2,70,72,64,72,70,348,69.6,B,Pass,2024
STU0192,Female,Science,Group B,75-90%,High School,No,No,1.1,54,37,57,63,58,269,53.8,C,Pass,2022
STU0193,Male,Science,Group B,Above 90%,Post Graduate,No,No,4.6,63,57,64,64,71,319,63.8,C,Pass,2022
STU0194,Female,Commerce,Group C,Above 90%,Post Graduate,Yes,No,5.3,59,54,57,56,52,278,55.6,C,Pass,2022
STU0195,Male,Arts,Group A,Below 60%,High School,Yes,Yes,6.2,45,34,44,45,51,219,43.8,D,Pass,2023
STU0196,Male,Science,Group B,75-90%,Graduate,No,Yes,5.0,57,71,68,60,70,326,65.2,B,Pass,2023
STU0197,Female,Commerce,Group C,Below 60%,Post Graduate,Yes,Yes,2.1,50,53,47,43,51,244,48.8,D,Pass,2022
STU0198,Female,Management,Group C,60-75%,Graduate,Yes,No,2.6,58,45,47,47,46,243,48.6,D,Pass,2024
STU0199,Female,Science,Group B,Below 60%,Graduate,No,No,2.7,50,44,50,50,37,231,46.2,D,Pass,2023
STU0200,Female,Management,Group A,60-75%,Post Graduate,Yes,Yes,3.3,64,56,62,64,63,309,61.8,C,Pass,2024
STU0201,Female,Technology,Group B,Below 60%,High School,Yes,No,6.9,61,68,68,70,67,334,66.8,B,Pass,2023
STU0202,Female,Arts,Group C,Below 60%,Post Graduate,Yes,Yes,2.8,52,48,52,59,53,264,52.8,C,Pass,2023
STU0203,Female,Technology,Group A,75-90%,Graduate,No,Yes,3.2,70,72,69,78,76,365,73.0,B,Pass,2022
STU0204,Female,Management,Group B,60-75%,Graduate,No,No,2.5,50,53,48,49,44,244,48.8,D,Pass,2023
STU0205,Male,Commerce,Group C,60-75%,Graduate,No,Yes,4.9,64,60,64,58,47,293,58.6,C,Pass,2022
STU0206,Male,Technology,Group A,60-75%,High School,Yes,Yes,2.8,81,67,78,67,66,359,71.8,B,Pass,2022
STU0207,Male,Science,Group A,60-75%,Post Graduate,No,Yes,5.0,64,69,71,66,71,341,68.2,B,Pass,2024
STU0208,Female,Technology,Group B,Below 60%,Graduate,No,Yes,2.7,52,46,59,58,50,265,53.0,C,Pass,2023
STU0209,Female,Technology,Group B,Above 90%,High School,Yes,No,6.6,78,80,71,66,67,362,72.4,B,Pass,2023
STU0210,Female,Arts,Group B,Above 90%,Graduate,No,No,7.9,74,72,80,70,67,363,72.6,B,Pass,2024
STU0211,Male,Arts,Group B,60-75%,High School,Yes,Yes,7.9,46,48,40,57,46,237,47.4,D,Pass,2023
STU0212,Male,Arts,Group C,60-75%,High School,No,No,7.9,63,69,60,58,60,310,62.0,C,Pass,2023
STU0213,Female,Management,Group A,60-75%,,Yes,Yes,1.9,67,63,63,67,61,321,64.2,C,Pass,2024
STU0214,Female,Commerce,Group A,Below 60%,High School,Yes,Yes,1.7,52,67,60,68,59,306,61.2,C,Pass,2023
STU0215,Male,Arts,Group C,60-75%,Post Graduate,No,No,5.7,53,33,40,39,41,206,41.2,D,Pass,2022
STU0216,Female,Technology,Group C,75-90%,High School,Yes,Yes,7.4,78,96,80,89,82,425,85.0,A,Pass,2024
STU0217,Male,Commerce,Group A,Above 90%,High School,No,Yes,6.1,75,60,61,75,62,333,66.6,B,Pass,2023
STU0218,Male,Technology,Group B,75-90%,High School,Yes,Yes,7.2,75,78,72,70,57,352,70.4,B,Pass,2023
STU0219,Female,Technology,Group A,Above 90%,High School,No,Yes,3.4,64,62,61,61,64,312,62.4,C,Pass,2023
STU0220,Male,Commerce,Group B,Below 60%,Graduate,No,Yes,2.3,51,55,50,56,54,266,53.2,C,Pass,2024
STU0221,Female,Management,Group A,75-90%,Graduate,Yes,Yes,6.8,69,63,65,68,65,330,66.0,B,Pass,2024
STU0222,Female,Management,Group A,60-75%,High School,Yes,Yes,7.3,36,45,49,50,42,222,44.4,D,Pass,2023
STU0223,Female,Science,Group A,60-75%,Graduate,No,No,6.3,45,39,44,43,46,217,43.4,D,Pass,2024
STU0224,Male,Science,Group C,75-90%,Post Graduate,No,Yes,5.0,77,59,73,69,62,340,68.0,B,Pass,2022
STU0225,Female,Technology,Group A,Below 60%,Graduate,Yes,Yes,1.3,59,64,60,62,65,310,62.0,C,Pass,2022
STU0226,Male,Technology,Group C,60-75%,Post Graduate,No,No,4.2,51,47,55,49,56,258,51.6,C,Pass,2022
STU0227,Female,Management,Group C,Below 60%,Graduate,Yes,Yes,3.0,36,54,37,38,40,205,41.0,D,Pass,2024
STU0228,Female,Arts,Group A,75-90%,Graduate,No,No,7.2,69,57,58,58,67,309,61.8,C,Pass,2024
STU0229,Male,Commerce,Group B,Above 90%,Graduate,No,Yes,7.1,73,76,83,76,75,383,76.6,B,Pass,2022
STU0230,Female,Arts,Group A,75-90%,Graduate,No,Yes,1.4,56,45,54,44,50,249,49.8,D,Pass,2022
STU0231,Female,Science,Group A,Above 90%,High School,Yes,Yes,2.4,80,85,84,90,85,424,84.8,A,Pass,2023
STU0232,Female,Technology,Group B,Below 60%,Post Graduate,Yes,Yes,6.9,44,50,42,38,42,216,43.2,D,Pass,2023
STU0233,Female,Science,Group C,Below 60%,Graduate,Yes,Yes,4.6,49,54,57,56,62,278,55.6,C,Pass,2024
STU0234,Female,Science,Group A,60-75%,Post Graduate,Yes,Yes,3.6,73,57,75,58,57,320,64.0,C,Pass,2023
STU0235,Female,Technology,Group C,60-75%,Graduate,No,No,5.3,61,51,49,50,63,274,54.8,C,Pass,2023
STU0236,Female,Science,Group B,Below 60%,Graduate,No,No,7.3,48,43,36,46,47,220,44.0,D,Pass,2024
STU0237,Female,Technology,Group B,60-75%,Post Graduate,Yes,No,2.3,60,53,55,52,46,266,53.2,C,Pass,2024
STU0238,Female,Commerce,Group C,75-90%,Post Graduate,No,Yes,6.3,68,74,73,70,82,367,73.4,B,Pass,2022
STU0239,Male,Arts,Group B,60-75%,Graduate,Yes,No,7.1,51,56,60,61,51,279,55.8,C,Pass,2024
STU0240,Male,Management,Group C,Above 90%,High School,Yes,No,5.0,73,73,69,73,77,365,73.0,B,Pass,2023
STU0241,Female,Commerce,Group C,60-75%,High School,No,No,5.0,56,63,58,59,66,302,60.4,C,Pass,2022
STU0242,Male,Technology,Group B,60-75%,Post Graduate,No,No,7.2,44,49,41,39,27,200,40.0,D,Pass,2024
STU0243,Male,Commerce,Group C,Below 60%,Post Graduate,Yes,Yes,1.3,54,63,61,57,60,295,59.0,C,Pass,2023
STU0244,Female,Technology,Group B,Above 90%,Post Graduate,Yes,No,6.1,71,81,65,64,71,352,70.4,B,Pass,2022
STU0245,Male,Commerce,Group B,60-75%,High School,No,Yes,5.6,59,60,62,72,62,315,63.0,C,Pass,2022
STU0246,Male,Science,Group C,Above 90%,Graduate,No,Yes,1.7,84,77,82,82,75,400,80.0,A,Pass,2024
STU0247,Male,Arts,Group A,Above 90%,High School,Yes,No,3.5,67,65,68,83,59,342,68.4,B,Pass,2023
STU0248,Male,Arts,Group C,Below 60%,Post Graduate,No,Yes,5.7,52,63,54,65,48,282,56.4,C,Pass,2022
STU0249,Male,Science,Group B,Below 60%,Graduate,Yes,No,5.7,46,49,35,48,40,218,43.6,D,Pass,2023
STU0250,Male,Science,Group B,Below 60%,High School,Yes,Yes,2.3,52,38,40,58,53,241,48.2,D,Pass,2023
STU0251,Female,Technology,Group C,75-90%,Graduate,No,No,1.7,61,70,69,77,62,339,67.8,B,Pass,2024
STU0252,Female,Technology,Group C,60-75%,Post Graduate,No,No,1.8,63,70,50,72,71,326,65.2,B,Pass,2023
STU0253,Male,Technology,Group C,Below 60%,Graduate,No,Yes,7.1,49,54,46,57,69,275,55.0,C,Pass,2024
STU0254,Male,Management,Group B,Above 90%,Post Graduate,Yes,No,1.1,58,72,73,73,60,336,67.2,B,Pass,2022
STU0255,Female,Management,Group B,Above 90%,High School,Yes,No,2.6,89,77,74,68,68,376,75.2,B,Pass,2023
STU0256,Female,Technology,Group A,Below 60%,Graduate,No,No,6.8,51,59,53,61,54,278,55.6,C,Pass,2024
STU0257,Female,Management,Group B,60-75%,Post Graduate,No,No,6.0,46,59,52,57,48,262,52.4,C,Pass,2023
STU0258,Male,Technology,Group B,Below 60%,Post Graduate,Yes,Yes,7.3,52,48,40,43,48,231,46.2,D,Pass,2023
STU0259,Female,Commerce,Group A,Below 60%,Graduate,Yes,Yes,3.9,57,50,62,59,57,285,57.0,C,Pass,2024
STU0260,Male,Management,Group A,Above 90%,Graduate,Yes,No,7.4,69,80,65,61,70,345,69.0,B,Pass,2022
STU0261,Male,Management,Group C,60-75%,High School,No,No,3.4,51,48,51,56,62,268,53.6,C,Pass,2023
STU0262,Male,Technology,Group C,60-75%,Graduate,No,No,7.4,41,49,52,46,40,228,45.6,D,Pass,2022
STU0263,Female,Commerce,Group C,Below 60%,Graduate,No,No,1.2,28,37,49,42,32,188,37.6,D,Fail,2022
STU0264,Male,Science,Group C,60-75%,Graduate,Yes,No,6.7,66,53,51,54,53,277,55.4,C,Pass,2022
STU0265,Male,Management,Group B,Above 90%,High School,No,Yes,2.8,69,64,59,58,59,309,61.8,C,Pass,2024
STU0266,Male,Technology,Group B,75-90%,Post Graduate,Yes,Yes,1.3,56,64,57,50,48,275,55.0,C,Pass,2023
STU0267,Female,Management,Group B,60-75%,High School,No,Yes,5.4,42,52,42,29,33,198,39.6,D,Fail,2024
STU0268,Female,Arts,Group A,75-90%,High School,No,Yes,7.2,52,58,59,48,57,274,54.8,C,Pass,2024
STU0269,Female,Arts,Group C,75-90%,Graduate,Yes,No,5.3,59,83,75,60,79,356,71.2,B,Pass,2024
STU0270,Male,Commerce,Group B,75-90%,Graduate,Yes,No,4.1,57,68,53,49,66,293,58.6,C,Pass,2022
STU0271,Male,Arts,Group A,75-90%,Post Graduate,Yes,Yes,2.5,84,78,85,88,94,429,85.8,A,Pass,2024
STU0272,Male,Technology,Group C,60-75%,Post Graduate,No,Yes,2.8,56,56,55,61,58,286,57.2,C,Pass,2022
STU0273,Male,Management,Group C,75-90%,Graduate,No,No,1.4,57,51,55,65,54,282,56.4,C,Pass,2024
STU0274,Male,Management,Group C,Below 60%,Graduate,Yes,No,4.3,46,44,38,35,49,212,42.4,D,Pass,2024
STU0275,Male,Commerce,Group B,Above 90%,Post Graduate,No,Yes,4.9,55,69,59,55,77,315,63.0,C,Pass,2024
STU0276,Male,Commerce,Group B,Below 60%,High School,No,Yes,2.0,60,50,47,62,44,263,52.6,C,Pass,2022
STU0277,Female,Commerce,Group C,60-75%,High School,Yes,Yes,4.4,55,52,54,62,58,281,56.2,C,Pass,2023
STU0278,Male,Arts,Group A,60-75%,High School,No,Yes,3.6,60,50,51,46,50,257,51.4,C,Pass,2023
STU0279,Male,Technology,Group C,Below 60%,Graduate,Yes,Yes,4.2,46,54,50,50,40,240,48.0,D,Pass,2023
STU0280,Female,Arts,Group A,Below 60%,High School,Yes,No,6.9,46,48,42,47,36,219,43.8,D,Pass,2024
STU0281,Female,Science,Group C,60-75%,High School,No,No,,45,52,59,50,46,252,50.4,C,Pass,2024
STU0282,Female,Science,Group C,75-90%,Post Graduate,Yes,Yes,7.1,58,69,69,59,64,319,63.8,C,Pass,2022
STU0283,Female,Technology,Group A,Below 60%,High School,No,Yes,7.4,51,43,42,49,41,226,45.2,D,Pass,2022
STU0284,Female,Science,Group C,Below 60%,Post Graduate,No,No,4.6,34,31,31,27,25,148,29.6,D,Fail,2023
STU0285,Female,Commerce,Group C,75-90%,Graduate,No,No,2.1,77,72,77,70,76,372,74.4,B,Pass,2022
STU0286,Male,Arts,Group B,60-75%,Graduate,No,Yes,1.9,47,46,49,49,56,247,49.4,D,Pass,2024
STU0287,Male,Commerce,Group A,Below 60%,Post Graduate,Yes,Yes,6.0,56,60,50,51,52,269,53.8,C,Pass,2024
STU0288,Male,Arts,Group A,60-75%,Graduate,No,No,4.6,57,56,56,52,43,264,52.8,C,Pass,2022
STU0289,Female,Arts,Group A,Below 60%,High School,No,No,1.7,46,48,39,40,45,218,43.6,D,Pass,2023
STU0290,Male,Management,Group C,Below 60%,High School,No,Yes,7.1,47,55,44,40,50,236,47.2,D,Pass,2024
STU0291,Female,Management,Group C,60-75%,Graduate,No,No,6.4,43,59,50,51,57,260,52.0,C,Pass,2022
STU0292,Female,Arts,Group C,75-90%,High School,Yes,Yes,1.7,62,60,65,65,57,309,61.8,C,Pass,2023
STU0293,Female,Management,Group C,75-90%,Post Graduate,No,No,3.6,67,58,52,59,51,287,57.4,C,Pass,2024
STU0294,Female,Technology,Group C,75-90%,Post Graduate,No,No,1.7,79,73,72,73,55,352,70.4,B,Pass,2024
STU0295,Female,Technology,Group A,Below 60%,High School,No,Yes,5.3,45,49,50,51,57,252,50.4,C,Pass,2024
STU0296,Female,Technology,Group C,75-90%,Post Graduate,Yes,Yes,6.5,71,80,62,67,71,351,70.2,B,Pass,2024
STU0297,Male,Management,Group A,60-75%,Post Graduate,Yes,No,3.8,29,46,44,34,48,201,40.2,D,Pass,2022
STU0298,Male,Management,Group B,Below 60%,High School,No,No,2.8,45,43,44,54,42,228,45.6,D,Pass,2023
STU0299,Male,Management,Group A,Below 60%,Post Graduate,No,No,7.8,32,54,40,36,42,204,40.8,D,Pass,2024
STU0300,Male,Technology,Group B,75-90%,Graduate,No,Yes,3.2,71,57,58,67,66,319,63.8,C,Pass,2023
STU0301,Male,Management,Group B,75-90%,High School,No,Yes,7.3,51,73,66,54,61,305,61.0,C,Pass,2023
STU0302,Male,Commerce,Group C,Above 90%,Post Graduate,Yes,Yes,6.5,85,81,89,83,75,413,82.6,A,Pass,2022
STU0303,Female,Science,Group B,Below 60%,Post Graduate,Yes,No,7.9,33,50,37,43,33,196,39.2,D,Fail,2024
STU0304,Female,Arts,Group C,60-75%,Post Graduate,Yes,Yes,2.2,59,58,64,57,71,309,61.8,C,Pass,2022
STU0305,Female,Management,Group C,75-90%,Post Graduate,Yes,Yes,2.7,83,71,81,75,83,393,78.6,B,Pass,2023
STU0306,Female,Management,Group A,75-90%,High School,No,No,,53,44,52,39,50,238,47.6,D,Pass,2024
STU0307,Male,Commerce,Group A,75-90%,High School,No,No,8.0,84,78,79,75,78,394,78.8,B,Pass,2024
STU0308,Female,Management,Group B,Above 90%,Graduate,No,Yes,6.2,80,79,82,80,76,397,79.4,B,Pass,2023
STU0309,Female,Arts,Group A,75-90%,Graduate,Yes,No,7.9,65,51,53,52,51,272,54.4,C,Pass,2023
STU0310,Female,Arts,Group B,Above 90%,Post Graduate,No,Yes,4.0,63,79,65,58,57,322,64.4,C,Pass,2024
STU0311,Female,Management,Group A,Below 60%,High School,Yes,No,6.5,48,38,33,28,48,195,39.0,D,Fail,2023
STU0312,Female,Management,Group A,Above 90%,High School,Yes,Yes,1.7,69,87,75,82,80,393,78.6,B,Pass,2022
STU0313,Male,Technology,Group B,Below 60%,Graduate,Yes,Yes,4.1,48,55,48,52,60,263,52.6,C,Pass,2022
STU0314,Male,Commerce,Group B,Below 60%,High School,No,No,4.8,26,31,21,35,35,148,29.6,D,Fail,2024
STU0315,Female,Management,Group B,Above 90%,Post Graduate,No,No,1.0,50,47,54,52,58,261,52.2,C,Pass,2022
STU0316,Female,Arts,Group B,Above 90%,Post Graduate,Yes,No,2.3,77,70,61,70,60,338,67.6,B,Pass,2024
STU0317,Female,Technology,Group A,60-75%,High School,No,No,5.8,55,49,57,60,43,264,52.8,C,Pass,2023
STU0318,Female,Management,Group A,Above 90%,High School,Yes,Yes,1.1,85,73,74,73,74,379,75.8,B,Pass,2022
STU0319,Male,Management,Group A,60-75%,High School,No,No,3.2,37,47,50,40,47,221,44.2,D,Pass,2023
STU0320,Female,Arts,Group A,Below 60%,Graduate,Yes,Yes,3.7,58,48,51,56,49,262,52.4,C,Pass,2022
STU0321,Male,Science,Group A,Above 90%,Graduate,Yes,Yes,3.2,69,49,64,56,68,306,61.2,C,Pass,2023
STU0322,Male,Commerce,Group A,Below 60%,Graduate,No,No,1.1,39,30,26,38,44,177,35.4,D,Fail,2023
STU0323,Male,Management,Group C,Above 90%,High School,Yes,Yes,1.6,75,77,79,85,83,399,79.8,B,Pass,2024
STU0324,Male,Arts,Group A,Below 60%,Graduate,Yes,Yes,6.1,46,37,43,37,56,219,43.8,D,Pass,2022
STU0325,Female,Technology,Group C,60-75%,Graduate,Yes,No,6.1,50,47,45,51,53,246,49.2,D,Pass,2023
STU0326,Male,Management,Group B,Below 60%,Post Graduate,Yes,No,7.2,42,39,51,37,48,217,43.4,D,Pass,2024
STU0327,Male,Arts,Group A,75-90%,Post Graduate,Yes,No,1.8,54,47,53,51,63,268,53.6,C,Pass,2024
STU0328,Male,Science,Group A,60-75%,High School,Yes,Yes,5.9,59,49,55,54,53,270,54.0,C,Pass,2023
STU0329,Female,Science,Group A,60-75%,Post Graduate,Yes,Yes,6.2,41,56,47,48,48,240,48.0,D,Pass,2023
STU0330,Male,Arts,Group B,75-90%,Post Graduate,Yes,Yes,2.4,79,75,77,78,83,392,78.4,B,Pass,2024
STU0331,Male,Commerce,Group C,Above 90%,Post Graduate,Yes,No,3.4,62,63,58,63,66,312,62.4,C,Pass,2022
STU0332,Female,Management,Group B,75-90%,Graduate,No,No,6.4,54,59,53,56,59,281,56.2,C,Pass,2024
STU0333,Female,Arts,Group C,Above 90%,Graduate,No,Yes,7.9,82,84,81,82,80,409,81.8,A,Pass,2022
STU0334,Male,Arts,Group A,75-90%,Post Graduate,Yes,,3.1,69,67,78,68,73,355,71.0,B,Pass,2024
STU0335,Male,Technology,Group A,Below 60%,Post Graduate,No,No,1.3,23,20,20,31,27,121,24.2,D,Fail,2024
STU0336,Male,Technology,Group B,Below 60%,Graduate,No,No,5.4,42,44,35,53,32,206,41.2,D,Pass,2024
STU0337,Male,Technology,Group C,75-90%,Post Graduate,Yes,No,7.8,56,57,55,47,40,255,51.0,C,Pass,2024
STU0338,Male,Management,Group A,60-75%,Graduate,No,No,4.5,54,50,51,49,53,257,51.4,C,Pass,2024
STU0339,Male,Commerce,Group B,Above 90%,Post Graduate,Yes,No,6.4,65,61,63,69,71,329,65.8,B,Pass,2023
STU0340,Male,Management,Group B,Below 60%,Post Graduate,No,No,5.3,40,34,35,28,52,189,37.8,D,Fail,2023
STU0341,Male,Management,Group C,Above 90%,High School,Yes,Yes,7.5,77,72,68,86,75,378,75.6,B,Pass,2023
STU0342,Female,Science,Group A,Below 60%,Graduate,No,No,5.4,42,35,39,33,25,174,34.8,D,Fail,2022
STU0343,Female,Science,Group B,Below 60%,Graduate,Yes,Yes,5.6,65,55,62,59,56,297,59.4,C,Pass,2024
STU0344,Male,Arts,Group B,Below 60%,Graduate,No,Yes,2.4,34,41,32,32,33,172,34.4,D,Fail,2023
STU0345,Male,Management,Group B,Below 60%,High School,No,No,7.8,38,33,40,32,33,176,35.2,D,Fail,2024
STU0346,Male,Arts,Group A,75-90%,Graduate,Yes,No,5.3,85,73,73,61,85,377,75.4,B,Pass,2024
STU0347,Female,Commerce,Group B,60-75%,Post Graduate,Yes,No,6.6,58,57,60,66,66,307,61.4,C,Pass,2022
STU0348,Male,Arts,Group A,Above 90%,High School,Yes,No,6.4,48,57,56,61,47,269,53.8,C,Pass,2023
STU0349,Female,Technology,Group A,Above 90%,Post Graduate,No,Yes,2.6,81,79,72,78,86,396,79.2,B,Pass,2022
STU0350,Male,Commerce,Group C,75-90%,High School,No,Yes,2.1,67,70,70,67,77,351,70.2,B,Pass,2022
STU0351,Female,Science,Group C,Below 60%,Graduate,No,Yes,5.3,41,46,48,52,43,230,46.0,D,Pass,2024
STU0352,Female,Arts,Group C,60-75%,Graduate,No,Yes,4.7,51,54,63,56,49,273,54.6,C,Pass,2024
STU0353,Male,Science,Group C,Above 90%,Graduate,Yes,Yes,2.3,53,63,58,59,42,275,55.0,C,Pass,2023
STU0354,Female,Technology,Group B,75-90%,Graduate,Yes,No,6.1,61,59,62,66,57,305,61.0,C,Pass,2022
STU0355,Male,Commerce,Group A,Above 90%,Graduate,No,No,5.8,78,70,68,66,72,354,70.8,B,Pass,2024
STU0356,Male,Commerce,Group A,Below 60%,High School,No,No,3.7,31,34,26,38,30,159,31.8,D,Fail,2022
STU0357,Male,Arts,Group B,60-75%,High School,Yes,Yes,7.7,67,63,57,64,70,321,64.2,C,Pass,2022
STU0358,Female,Management,Group C,Below 60%,Graduate,No,No,4.1,36,39,44,39,38,196,39.2,D,Fail,2024
STU0359,Male,Management,Group A,60-75%,Post Graduate,No,Yes,5.2,60,57,61,68,60,306,61.2,C,Pass,2023
STU0360,Male,Science,Group C,Below 60%,Graduate,Yes,Yes,6.2,59,48,44,33,44,228,45.6,D,Pass,2023
STU0361,Male,Science,Group A,75-90%,Graduate,No,No,3.3,49,67,63,70,69,318,63.6,C,Pass,2023
STU0362,Male,Management,Group C,60-75%,Post Graduate,Yes,Yes,7.9,53,68,61,55,48,285,57.0,C,Pass,2023
STU0363,Female,Technology,Group C,75-90%,Post Graduate,No,Yes,6.0,56,54,54,63,66,293,58.6,C,Pass,2022
STU0364,Male,Science,Group C,Below 60%,Graduate,Yes,Yes,2.4,61,57,66,60,60,304,60.8,C,Pass,2023
STU0365,Male,Arts,Group A,75-90%,Graduate,No,Yes,3.3,60,63,58,69,65,315,63.0,C,Pass,2023
STU0366,Female,Technology,Group A,Below 60%,Post Graduate,Yes,No,6.2,24,27,32,34,27,144,28.8,D,Fail,2024
STU0367,Female,Arts,Group A,Below 60%,High School,No,No,5.0,45,63,49,36,38,231,46.2,D,Pass,2023
STU0368,Male,Commerce,Group B,75-90%,Post Graduate,No,Yes,3.1,63,60,65,64,58,310,62.0,C,Pass,2022
STU0369,Male,Arts,Group B,60-75%,High School,No,Yes,3.3,59,58,66,66,58,307,61.4,C,Pass,2022
STU0370,Male,Management,Group B,60-75%,Post Graduate,Yes,No,1.6,45,66,53,49,45,258,51.6,C,Pass,2023
STU0371,Male,Science,Group B,75-90%,High School,No,Yes,2.1,74,59,68,67,65,333,66.6,B,Pass,2022
STU0372,Male,Science,Group B,60-75%,Post Graduate,No,No,3.4,65,56,61,66,61,309,61.8,C,Pass,2023
STU0373,Male,Science,Group B,Below 60%,Graduate,Yes,Yes,5.9,63,64,67,49,54,297,59.4,C,Pass,2024
STU0374,Female,Arts,Group C,75-90%,High School,Yes,No,6.0,82,80,72,64,77,375,75.0,B,Pass,2023
STU0375,Male,Technology,Group B,60-75%,High School,No,No,1.5,69,51,65,53,63,301,60.2,C,Pass,2022
STU0376,Female,Arts,Group C,Above 90%,High School,No,No,1.5,55,50,62,65,63,295,59.0,C,Pass,2023
STU0377,Female,Management,Group C,Above 90%,Post Graduate,No,Yes,4.0,78,72,75,77,84,386,77.2,B,Pass,2023
STU0378,Female,Management,Group A,60-75%,High School,Yes,No,1.5,43,37,44,55,60,239,47.8,D,Pass,2022
STU0379,Female,Management,Group A,75-90%,Graduate,Yes,Yes,2.0,68,86,75,83,79,391,78.2,B,Pass,2024
STU0380,Female,Arts,Group B,Above 90%,High School,Yes,No,3.4,50,51,67,37,62,267,53.4,C,Pass,2022
STU0381,Male,Management,Group B,Above 90%,High School,No,Yes,3.0,82,99,92,95,91,459,91.8,A,Pass,2022
STU0382,Female,Commerce,Group B,Above 90%,Post Graduate,No,No,7.5,64,56,54,62,65,301,60.2,C,Pass,2023
STU0383,Female,Commerce,Group C,60-75%,High School,Yes,Yes,5.5,76,69,76,78,75,374,74.8,B,Pass,2023
STU0384,Female,Technology,Group B,60-75%,Graduate,No,No,4.5,49,40,42,49,43,223,44.6,D,Pass,2023
STU0385,Female,Management,Group A,Below 60%,High School,No,No,6.3,20,30,26,20,20,116,23.2,D,Fail,2023
STU0386,Male,Technology,Group C,Below 60%,High School,No,Yes,4.3,30,37,39,31,47,184,36.8,D,Fail,2024
STU0387,Female,Technology,Group A,Above 90%,Graduate,No,No,4.3,87,84,76,82,83,412,82.4,A,Pass,2022
STU0388,Male,Management,Group B,75-90%,Post Graduate,Yes,No,7.0,76,76,70,77,76,375,75.0,B,Pass,2022
STU0389,Male,Science,Group A,60-75%,Post Graduate,No,No,1.6,58,38,49,53,44,242,48.4,D,Pass,2022
STU0390,Male,Management,Group C,Above 90%,Graduate,No,Yes,6.3,67,66,72,58,71,334,66.8,B,Pass,2022
STU0391,Male,Science,Group B,Above 90%,Graduate,No,No,2.0,56,60,65,64,60,305,61.0,C,Pass,2023
STU0392,Female,Science,Group A,Above 90%,Graduate,No,Yes,3.3,80,91,83,96,79,429,85.8,A,Pass,2023
STU0393,Female,Science,Group C,Above 90%,Graduate,Yes,Yes,1.1,81,76,79,67,63,366,73.2,B,Pass,2022
STU0394,Male,Management,Group B,Above 90%,Graduate,Yes,No,,73,84,79,65,63,364,72.8,B,Pass,2024
STU0395,Male,Science,Group C,Below 60%,Post Graduate,Yes,No,3.1,37,47,42,49,48,223,44.6,D,Pass,2024
STU0396,Female,Science,Group A,75-90%,Graduate,No,No,6.7,56,66,63,66,61,312,62.4,C,Pass,2022
STU0397,Male,Technology,Group C,Above 90%,High School,No,Yes,6.0,70,71,67,60,60,328,65.6,B,Pass,2022
STU0398,Male,Science,Group A,Below 60%,Post Graduate,No,No,5.9,41,34,34,40,39,188,37.6,D,Fail,2023
STU0399,Male,Management,Group C,Above 90%,Graduate,No,No,4.4,59,69,69,82,66,345,69.0,B,Pass,2024
STU0400,Female,Management,Group A,75-90%,Post Graduate,No,No,4.2,35,52,49,49,45,230,46.0,D,Pass,2023
STU0401,Male,Commerce,Group C,Below 60%,Graduate,Yes,No,2.3,43,39,36,47,37,202,40.4,D,Pass,2022
STU0402,Male,Commerce,Group C,60-75%,Graduate,No,Yes,3.4,46,62,50,53,51,262,52.4,C,Pass,2023
STU0403,Female,Science,Group C,Below 60%,High School,No,Yes,7.4,25,35,32,27,26,145,29.0,D,Fail,2022
STU0404,Male,Commerce,Group A,Below 60%,High School,Yes,,6.6,41,30,35,46,44,196,39.2,D,Fail,2022
STU0405,Male,Science,Group A,Above 90%,Graduate,No,No,5.2,76,84,84,80,67,391,78.2,B,Pass,2023
STU0406,Male,Science,Group C,75-90%,High School,No,Yes,5.4,67,65,71,72,72,347,69.4,B,Pass,2023
STU0407,Male,Commerce,Group A,Above 90%,High School,Yes,Yes,4.3,86,87,88,86,81,428,85.6,A,Pass,2022
STU0408,Male,Commerce,Group A,75-90%,Post Graduate,No,No,5.4,67,73,70,53,70,333,66.6,B,Pass,2023
STU0409,Female,Arts,Group A,Below 60%,Post Graduate,Yes,Yes,4.2,73,66,68,83,74,364,72.8,B,Pass,2024
STU0410,Female,Commerce,Group C,Below 60%,High School,Yes,Yes,3.5,51,59,62,64,61,297,59.4,C,Pass,2022
STU0411,Female,Technology,Group A,75-90%,Post Graduate,No,Yes,7.3,53,71,74,63,67,328,65.6,B,Pass,2024
STU0412,Female,Technology,Group A,Above 90%,High School,No,Yes,4.3,75,72,63,69,76,355,71.0,B,Pass,2023
STU0413,Female,Science,Group B,60-75%,High School,No,Yes,1.2,56,53,56,51,57,273,54.6,C,Pass,2024
STU0414,Female,Science,Group B,60-75%,High School,No,No,5.3,58,59,49,55,45,266,53.2,C,Pass,2022
STU0415,Male,Management,Group C,Below 60%,Graduate,No,Yes,4.0,40,45,39,42,35,201,40.2,D,Pass,2022
STU0416,Male,Management,Group B,Below 60%,Graduate,Yes,,1.7,44,46,54,55,43,242,48.4,D,Pass,2023
STU0417,Male,Commerce,Group A,Below 60%,Post Graduate,No,Yes,4.2,47,45,44,42,41,219,43.8,D,Pass,2024
STU0418,Male,Management,Group A,Above 90%,Graduate,Yes,No,7.3,68,65,75,75,72,355,71.0,B,Pass,2023
STU0419,Male,Management,Group C,75-90%,Graduate,No,Yes,7.2,88,82,80,92,79,421,84.2,A,Pass,2022
STU0420,Female,Technology,Group B,Above 90%,Post Graduate,Yes,No,2.7,83,85,79,82,92,421,84.2,A,Pass,2022
STU0421,Male,Technology,Group C,60-75%,Graduate,No,No,1.9,42,52,49,38,47,228,45.6,D,Pass,2024
STU0422,Female,Management,Group A,Above 90%,Post Graduate,No,Yes,1.8,77,93,87,77,96,430,86.0,A,Pass,2023
STU0423,Male,Science,Group B,Above 90%,High School,Yes,Yes,1.2,74,75,67,59,74,349,69.8,B,Pass,2022
STU0424,Male,Science,Group C,60-75%,Post Graduate,No,No,4.1,50,39,49,39,32,209,41.8,D,Pass,2023
STU0425,Male,Management,Group B,75-90%,High School,No,Yes,5.3,66,65,61,59,78,329,65.8,B,Pass,2022
STU0426,Female,Management,Group A,60-75%,High School,Yes,Yes,5.9,94,76,79,78,84,411,82.2,A,Pass,2024
STU0427,Female,Arts,Group C,60-75%,Graduate,No,Yes,3.2,65,46,55,57,57,280,56.0,C,Pass,2022
STU0428,Female,Management,Group C,75-90%,Graduate,No,Yes,5.7,52,64,67,63,65,311,62.2,C,Pass,2022
STU0429,Male,Arts,Group B,Above 90%,Post Graduate,Yes,No,2.9,75,69,69,77,88,378,75.6,B,Pass,2022
STU0430,Female,Science,Group B,Below 60%,Post Graduate,No,Yes,7.0,50,55,39,40,46,230,46.0,D,Pass,2023
STU0431,Female,Technology,Group B,Below 60%,Graduate,No,No,6.6,54,64,60,35,62,275,55.0,C,Pass,2023
STU0432,Female,Commerce,Group A,Above 90%,High School,Yes,Yes,3.6,89,66,71,80,68,374,74.8,B,Pass,2022
STU0433,Female,Technology,Group A,Above 90%,High School,No,Yes,3.1,83,76,77,84,67,387,77.4,B,Pass,2024
STU0434,Male,Technology,Group B,Below 60%,High School,Yes,No,4.4,56,50,60,65,55,286,57.2,C,Pass,2024
STU0435,Male,Commerce,Group C,Below 60%,Graduate,No,Yes,5.9,39,36,43,42,42,202,40.4,D,Pass,2022
STU0436,Male,Arts,Group B,75-90%,High School,Yes,Yes,7.7,63,59,62,54,67,305,61.0,C,Pass,2022
STU0437,Female,Arts,Group A,Below 60%,Post Graduate,Yes,Yes,2.9,46,46,52,56,40,240,48.0,D,Pass,2024
STU0438,Male,Arts,Group C,75-90%,High School,Yes,Yes,4.5,80,58,76,72,73,359,71.8,B,Pass,2022
STU0439,Male,Management,Group A,Above 90%,Graduate,Yes,Yes,5.2,84,85,92,94,76,431,86.2,A,Pass,2023
STU0440,Female,Commerce,Group A,Below 60%,Post Graduate,Yes,Yes,5.8,53,56,58,57,57,281,56.2,C,Pass,2022
STU0441,Male,Science,Group A,Above 90%,Graduate,Yes,Yes,3.1,93,85,88,93,90,449,89.8,A,Pass,2022
STU0442,Male,Science,Group C,60-75%,Post Graduate,Yes,Yes,2.1,63,69,51,67,59,309,61.8,C,Pass,2024
STU0443,Male,Management,Group C,Below 60%,High School,Yes,Yes,2.5,59,61,51,58,54,283,56.6,C,Pass,2024
STU0444,Female,Technology,Group B,60-75%,Graduate,Yes,Yes,4.3,70,65,70,71,66,342,68.4,B,Pass,2024
STU0445,Female,Commerce,Group A,75-90%,Post Graduate,No,Yes,,68,64,72,58,81,343,68.6,B,Pass,2024
STU0446,Female,Technology,Group C,Above 90%,High School,Yes,No,5.7,71,67,64,64,75,341,68.2,B,Pass,2022
STU0447,Female,Commerce,Group A,Above 90%,Post Graduate,Yes,Yes,4.0,79,80,85,72,78,394,78.8,B,Pass,2023
STU0448,Female,Arts,Group B,Above 90%,Graduate,No,No,7.6,62,59,63,57,62,303,60.6,C,Pass,2022
STU0449,Male,Science,Group B,Below 60%,Graduate,Yes,Yes,4.6,44,44,53,48,38,227,45.4,D,Pass,2023
STU0450,Male,Technology,Group C,75-90%,Post Graduate,No,No,4.0,64,64,54,61,59,302,60.4,C,Pass,2022
STU0451,Female,Technology,Group A,75-90%,Graduate,No,No,1.9,71,73,66,67,63,340,68.0,B,Pass,2024
STU0452,Female,Technology,Group B,Below 60%,Post Graduate,No,No,5.7,34,40,37,29,32,172,34.4,D,Fail,2023
STU0453,Male,Arts,Group B,Below 60%,Post Graduate,Yes,Yes,3.4,53,57,47,43,47,247,49.4,D,Pass,2023
STU0454,Female,Technology,Group A,Below 60%,Post Graduate,Yes,Yes,1.1,40,48,45,44,51,228,45.6,D,Pass,2023
STU0455,Female,Science,Group A,Above 90%,Post Graduate,No,No,6.7,55,69,63,56,68,311,62.2,C,Pass,2022
STU0456,Female,Commerce,Group C,Above 90%,Post Graduate,No,Yes,7.0,83,71,75,71,68,368,73.6,B,Pass,2022
STU0457,Female,Arts,Group C,Below 60%,Graduate,No,Yes,6.6,45,49,45,46,49,234,46.8,D,Pass,2023
STU0458,Male,Technology,Group B,75-90%,High School,No,No,4.8,51,52,58,46,55,262,52.4,C,Pass,2022
STU0459,Male,Management,Group C,Above 90%,High School,No,No,4.7,54,56,50,47,52,259,51.8,C,Pass,2023
STU0460,Male,Technology,Group B,60-75%,High School,No,No,5.5,53,47,45,32,49,226,45.2,D,Pass,2023
STU0461,Male,Management,Group A,Above 90%,High School,Yes,Yes,7.3,95,91,99,100,93,478,95.6,A,Pass,2022
STU0462,Female,Commerce,Group C,60-75%,High School,No,No,7.3,36,48,41,39,37,201,40.2,D,Pass,2023
STU0463,Female,Management,Group B,Below 60%,Graduate,No,Yes,4.7,56,61,61,58,46,282,56.4,C,Pass,2024
STU0464,Female,Management,Group B,Above 90%,High School,Yes,Yes,2.0,81,67,80,75,81,384,76.8,B,Pass,2022
STU0465,Female,Commerce,Group B,Above 90%,Graduate,No,Yes,2.9,60,68,66,57,63,314,62.8,C,Pass,2022
STU0466,Female,Arts,Group C,75-90%,Graduate,Yes,Yes,3.2,50,59,54,63,70,296,59.2,C,Pass,2024
STU0467,Male,Arts,Group B,60-75%,Graduate,No,Yes,7.0,68,69,85,74,69,365,73.0,B,Pass,2022
STU0468,Female,Technology,Group B,Above 90%,High School,No,Yes,6.8,67,72,60,76,59,334,66.8,B,Pass,2024
STU0469,Male,Arts,Group C,75-90%,Graduate,No,No,3.8,62,57,57,63,59,298,59.6,C,Pass,2024
STU0470,Female,Arts,Group C,Below 60%,High School,Yes,Yes,7.6,39,48,47,43,46,223,44.6,D,Pass,2023
STU0471,Male,Technology,Group A,75-90%,High School,No,No,1.1,69,62,69,71,59,330,66.0,B,Pass,2022
STU0472,Male,Management,Group C,Below 60%,Graduate,Yes,No,2.2,44,40,41,56,58,239,47.8,D,Pass,2024
STU0473,Male,Science,Group A,Above 90%,Graduate,No,Yes,1.9,70,80,67,71,80,368,73.6,B,Pass,2022
STU0474,Male,Management,Group A,75-90%,Post Graduate,Yes,No,3.6,63,60,65,49,52,289,57.8,C,Pass,2024
STU0475,Male,Technology,Group C,Below 60%,Graduate,Yes,No,4.9,43,35,44,38,39,199,39.8,D,Fail,2022
STU0476,Male,Arts,Group B,Above 90%,Graduate,Yes,Yes,1.3,72,81,71,82,81,387,77.4,B,Pass,2022
STU0477,Male,Arts,Group A,Above 90%,Graduate,No,Yes,7.1,77,72,72,74,71,366,73.2,B,Pass,2023
STU0478,Female,Arts,Group B,75-90%,Graduate,No,No,5.6,62,75,65,73,75,350,70.0,B,Pass,2023
STU0479,Male,Science,Group A,60-75%,High School,Yes,Yes,4.1,58,55,58,64,54,289,57.8,C,Pass,2024
STU0480,Female,Management,Group A,Above 90%,Graduate,Yes,Yes,4.9,80,74,86,76,65,381,76.2,B,Pass,2024
STU0481,Male,Management,Group A,Below 60%,Post Graduate,Yes,No,1.9,52,49,47,41,61,250,50.0,C,Pass,2023
STU0482,Male,Management,Group B,75-90%,High School,Yes,Yes,7.8,71,64,82,78,78,373,74.6,B,Pass,2024
STU0483,Female,Management,Group A,75-90%,Post Graduate,Yes,Yes,1.6,70,78,67,65,72,352,70.4,B,Pass,2023
STU0484,Male,Commerce,Group A,Above 90%,High School,Yes,Yes,6.6,77,64,63,77,77,358,71.6,B,Pass,2024
STU0485,Male,Arts,Group C,75-90%,Post Graduate,Yes,No,4.0,73,64,70,65,66,338,67.6,B,Pass,2023
STU0486,Male,Management,Group A,Above 90%,Post Graduate,No,Yes,4.7,52,49,47,49,40,237,47.4,D,Pass,2024
STU0487,Male,Management,Group B,75-90%,Graduate,No,Yes,5.0,77,58,56,60,67,318,63.6,C,Pass,2024
STU0488,Male,Science,Group A,Below 60%,Post Graduate,No,No,1.1,29,29,23,20,22,123,24.6,D,Fail,2024
STU0489,Male,Technology,Group B,60-75%,Graduate,Yes,Yes,2.9,64,62,64,63,60,313,62.6,C,Pass,2022
STU0490,Male,Commerce,Group B,Below 60%,Post Graduate,No,Yes,7.1,47,49,49,36,48,229,45.8,D,Pass,2024
STU0491,Female,Management,Group B,75-90%,Post Graduate,No,No,1.2,65,67,72,62,60,326,65.2,B,Pass,2023
STU0492,Male,Commerce,Group B,Above 90%,Post Graduate,Yes,Yes,,77,77,81,89,74,398,79.6,B,Pass,2023
STU0493,Male,Technology,Group B,Above 90%,Post Graduate,Yes,Yes,7.9,61,66,66,58,59,310,62.0,C,Pass,2023
STU0494,Female,Management,Group C,Below 60%,Graduate,No,No,4.7,26,25,22,20,31,124,24.8,D,Fail,2023
STU0495,Female,Management,Group A,Below 60%,Graduate,No,No,2.3,21,20,27,26,21,115,23.0,D,Fail,2023
STU0496,Male,Technology,Group A,60-75%,Post Graduate,No,No,,53,54,62,69,56,294,58.8,C,Pass,2023
STU0497,Male,Commerce,Group A,75-90%,Post Graduate,Yes,No,2.6,70,56,67,74,64,331,66.2,B,Pass,2024
STU0498,Male,Science,Group A,75-90%,Graduate,No,Yes,1.8,64,78,76,67,79,364,72.8,B,Pass,2022
STU0499,Female,Technology,Group A,75-90%,Graduate,Yes,No,6.6,65,72,73,90,79,379,75.8,B,Pass,2022
STU0500,Male,Science,Group C,Below 60%,Post Graduate,Yes,Yes,4.5,59,50,63,53,47,272,54.4,C,Pass,2022
STU0501,Female,Commerce,Group B,75-90%,,Yes,Yes,2.2,84,97,86,80,87,434,86.8,A,Pass,2023
STU0502,Female,Arts,Group C,75-90%,Post Graduate,Yes,Yes,7.0,69,69,63,61,71,333,66.6,B,Pass,2024
STU0503,Male,Arts,Group A,Above 90%,High School,Yes,Yes,7.5,80,76,70,74,76,376,75.2,B,Pass,2022
STU0504,Male,Management,Group C,75-90%,Graduate,No,No,5.9,46,64,59,43,56,268,53.6,C,Pass,2023
STU0505,Female,Commerce,Group B,75-90%,Post Graduate,No,Yes,4.8,80,69,81,82,71,383,76.6,B,Pass,2022
STU0506,Female,Science,Group A,75-90%,Post Graduate,Yes,Yes,4.5,75,80,90,78,86,409,81.8,A,Pass,2024
STU0507,Female,Science,Group A,75-90%,Post Graduate,No,Yes,2.7,54,61,70,75,68,328,65.6,B,Pass,2024
STU0508,Male,Management,Group C,75-90%,Graduate,No,Yes,4.2,65,64,62,62,68,321,64.2,C,Pass,2022
STU0509,Female,Technology,Group A,Below 60%,High School,Yes,No,3.8,37,31,40,29,32,169,33.8,D,Fail,2023
STU0510,Female,Management,Group A,Above 90%,Graduate,No,No,1.8,72,68,67,65,58,330,66.0,B,Pass,2022
STU0511,Female,Technology,Group A,Below 60%,Post Graduate,Yes,No,3.6,34,44,42,42,39,201,40.2,D,Pass,2023
STU0512,Female,Arts,Group C,Above 90%,High School,Yes,Yes,1.0,70,61,67,68,72,338,67.6,B,Pass,2024
STU0513,Male,Arts,Group C,Below 60%,Graduate,No,No,2.0,34,24,39,34,30,161,32.2,D,Fail,2024
STU0514,Female,Technology,Group C,Above 90%,High School,No,Yes,7.2,65,71,75,53,66,330,66.0,B,Pass,2024
STU0515,Male,Arts,Group C,60-75%,Post Graduate,Yes,No,7.7,41,60,54,36,45,236,47.2,D,Pass,2024
STU0516,Female,Commerce,Group B,Below 60%,High School,Yes,Yes,5.2,49,50,44,42,58,243,48.6,D,Pass,2023
STU0517,Male,Management,Group A,Above 90%,High School,No,No,2.2,59,51,56,55,55,276,55.2,C,Pass,2022
STU0518,Female,Commerce,Group C,Below 60%,High School,No,No,3.2,52,44,46,51,47,240,48.0,D,Pass,2023
STU0519,Female,Arts,Group A,Above 90%,High School,Yes,Yes,1.4,72,70,80,77,82,381,76.2,B,Pass,2023
STU0520,Female,Management,Group C,Below 60%,Graduate,Yes,No,4.9,59,44,59,44,42,248,49.6,D,Pass,2022
STU0521,Female,Arts,Group B,Above 90%,High School,Yes,Yes,1.3,74,75,87,83,73,392,78.4,B,Pass,2023
STU0522,Female,Management,Group B,60-75%,High School,Yes,No,4.6,35,38,45,36,36,190,38.0,D,Fail,2022
STU0523,Male,Commerce,Group A,75-90%,High School,No,Yes,7.2,41,66,61,50,63,281,56.2,C,Pass,2023
STU0524,Female,Arts,Group A,75-90%,High School,No,No,4.3,51,58,50,49,49,257,51.4,C,Pass,2022
STU0525,Female,Commerce,Group C,Above 90%,Graduate,Yes,Yes,6.8,97,90,88,87,100,462,92.4,A,Pass,2023
STU0526,Male,Technology,Group A,Below 60%,High School,No,No,1.6,36,39,35,40,32,182,36.4,D,Fail,2024
STU0527,Male,Arts,Group B,60-75%,Graduate,No,Yes,1.8,45,44,45,55,44,233,46.6,D,Pass,2023
STU0528,Female,Management,Group A,60-75%,Post Graduate,Yes,Yes,6.1,46,61,60,60,41,268,53.6,C,Pass,2023
STU0529,Male,Commerce,Group B,75-90%,Post Graduate,No,Yes,2.9,44,69,59,35,63,270,54.0,C,Pass,2024
STU0530,Female,Management,Group A,Above 90%,Graduate,Yes,Yes,5.0,84,77,78,79,80,398,79.6,B,Pass,2022
STU0531,Female,Commerce,Group B,Below 60%,High School,Yes,Yes,5.4,56,54,52,52,41,255,51.0,C,Pass,2023
STU0532,Male,Arts,Group A,Below 60%,,Yes,No,1.7,42,49,51,43,45,230,46.0,D,Pass,2023
STU0533,Male,Management,Group B,Below 60%,High School,Yes,No,5.3,48,54,52,55,52,261,52.2,C,Pass,2023
STU0534,Male,Science,Group B,Below 60%,Post Graduate,Yes,No,4.2,40,25,41,38,27,171,34.2,D,Fail,2023
STU0535,Male,Technology,Group C,75-90%,Post Graduate,Yes,No,2.4,65,68,66,73,66,338,67.6,B,Pass,2024
STU0536,Female,Commerce,Group A,75-90%,Graduate,No,No,6.3,71,65,62,44,66,308,61.6,C,Pass,2023
STU0537,Male,Management,Group B,60-75%,Graduate,No,No,6.8,49,41,45,57,51,243,48.6,D,Pass,2022
STU0538,Female,Technology,Group B,60-75%,High School,Yes,Yes,5.0,72,63,61,61,55,312,62.4,C,Pass,2023
STU0539,Female,Management,Group B,Above 90%,Graduate,Yes,Yes,4.3,83,79,92,85,85,424,84.8,A,Pass,2022
STU0540,Female,Commerce,Group B,75-90%,Post Graduate,No,Yes,3.0,94,76,79,81,78,408,81.6,A,Pass,2022
STU0541,Female,Management,Group B,Below 60%,High School,Yes,Yes,1.2,71,59,56,56,59,301,60.2,C,Pass,2023
STU0542,Male,Science,Group A,60-75%,Graduate,Yes,No,8.0,57,56,46,70,47,276,55.2,C,Pass,2023
STU0543,Male,Science,Group C,60-75%,,Yes,Yes,5.3,61,44,49,57,59,270,54.0,C,Pass,2022
STU0544,Female,Management,Group C,60-75%,Graduate,Yes,Yes,1.6,55,76,57,71,64,323,64.6,C,Pass,2023
STU0545,Male,Management,Group B,60-75%,Post Graduate,No,No,4.3,44,43,39,27,46,199,39.8,D,Fail,2024
STU0546,Male,Technology,Group A,60-75%,High School,Yes,No,4.9,52,55,45,55,47,254,50.8,C,Pass,2022
STU0547,Female,Science,Group C,Above 90%,Post Graduate,No,Yes,4.5,86,80,88,78,86,418,83.6,A,Pass,2023
STU0548,Male,Technology,Group C,60-75%,Graduate,Yes,No,2.9,76,68,75,67,69,355,71.0,B,Pass,2022
STU0549,Male,Science,Group B,Below 60%,Graduate,Yes,Yes,5.9,60,51,64,53,50,278,55.6,C,Pass,2022
STU0550,Female,Management,Group B,Below 60%,Graduate,No,,7.7,50,54,53,42,39,238,47.6,D,Pass,2023
STU0551,Male,Commerce,Group C,60-75%,Graduate,Yes,,3.9,52,67,62,42,64,287,57.4,C,Pass,2023
STU0552,Male,Technology,Group C,75-90%,,Yes,No,3.8,80,82,75,70,84,391,78.2,B,Pass,2024
STU0553,Female,Management,Group A,75-90%,Post Graduate,Yes,Yes,7.1,96,80,90,76,79,421,84.2,A,Pass,2023
STU0554,Female,Commerce,Group B,Below 60%,Post Graduate,No,Yes,4.9,60,43,59,58,57,277,55.4,C,Pass,2022
STU0555,Female,Management,Group B,Below 60%,High School,Yes,Yes,2.2,56,50,50,59,54,269,53.8,C,Pass,2023
STU0556,Male,Technology,Group C,Below 60%,High School,No,No,6.0,64,60,56,60,64,304,60.8,C,Pass,2023
STU0557,Female,Commerce,Group A,60-75%,Post Graduate,No,No,7.4,54,60,56,57,47,274,54.8,C,Pass,2023
STU0558,Female,Technology,Group C,Below 60%,Post Graduate,Yes,No,6.7,46,48,43,48,59,244,48.8,D,Pass,2022
STU0559,Male,Technology,Group B,60-75%,Post Graduate,No,No,7.1,52,48,52,59,52,263,52.6,C,Pass,2023
STU0560,Female,Management,Group B,Below 60%,Post Graduate,Yes,No,3.3,54,57,55,64,61,291,58.2,C,Pass,2023
STU0561,Female,Commerce,Group A,60-75%,Post Graduate,Yes,No,3.8,70,66,61,65,54,316,63.2,C,Pass,2022
STU0562,Male,Arts,Group B,60-75%,Graduate,No,No,6.9,62,59,71,67,67,326,65.2,B,Pass,2022
STU0563,Male,Science,Group A,60-75%,Graduate,Yes,No,1.2,71,65,64,63,70,333,66.6,B,Pass,2024
STU0564,Male,Management,Group B,Above 90%,Post Graduate,Yes,Yes,2.7,70,75,75,73,79,372,74.4,B,Pass,2022
STU0565,Male,Commerce,Group B,Below 60%,Graduate,Yes,Yes,5.6,49,72,63,69,64,317,63.4,C,Pass,2024
STU0566,Male,Commerce,Group B,Above 90%,Post Graduate,Yes,No,2.5,65,69,73,70,66,343,68.6,B,Pass,2023
STU0567,Male,Arts,Group B,Below 60%,Graduate,No,Yes,7.2,53,46,45,47,48,239,47.8,D,Pass,2023
STU0568,Female,Arts,Group A,Below 60%,Post Graduate,Yes,No,3.3,20,23,20,37,25,125,25.0,D,Fail,2024
STU0569,Female,Arts,Group B,Below 60%,Graduate,Yes,No,6.3,31,22,31,33,31,148,29.6,D,Fail,2022
STU0570,Male,Arts,Group A,Above 90%,High School,Yes,,5.2,78,77,78,90,78,401,80.2,A,Pass,2023
STU0571,Male,Arts,Group C,75-90%,Graduate,Yes,No,1.4,60,71,78,67,73,349,69.8,B,Pass,2024
STU0572,Male,Commerce,Group B,Above 90%,Post Graduate,No,Yes,7.6,71,58,73,93,78,373,74.6,B,Pass,2022
STU0573,Male,Science,Group C,60-75%,High School,Yes,No,5.0,51,52,55,45,47,250,50.0,C,Pass,2024
STU0574,Female,Commerce,Group B,Above 90%,High School,No,No,6.6,76,61,70,72,60,339,67.8,B,Pass,2022
STU0575,Female,Technology,Group B,Below 60%,Graduate,Yes,Yes,6.0,51,46,54,41,48,240,48.0,D,Pass,2022
STU0576,Male,Commerce,Group B,Below 60%,High School,No,No,5.1,50,62,56,46,57,271,54.2,C,Pass,2023
STU0577,Male,Science,Group B,Above 90%,Post Graduate,Yes,Yes,3.6,90,93,88,90,85,446,89.2,A,Pass,2022
STU0578,Female,Technology,Group B,60-75%,High School,No,Yes,5.8,43,47,43,49,56,238,47.6,D,Pass,2023
STU0579,Male,Commerce,Group B,Below 60%,High School,Yes,No,4.0,23,50,44,42,36,195,39.0,D,Fail,2024
STU0580,Female,Arts,Group A,75-90%,Post Graduate,No,Yes,3.8,51,57,61,58,45,272,54.4,C,Pass,2023
STU0581,Male,Science,Group C,Above 90%,High School,Yes,Yes,1.9,75,71,77,74,76,373,74.6,B,Pass,2023
STU0582,Male,Commerce,Group A,Above 90%,Post Graduate,Yes,Yes,5.4,86,85,80,90,81,422,84.4,A,Pass,2024
STU0583,Male,Science,Group A,Below 60%,Graduate,Yes,No,1.4,49,37,40,42,41,209,41.8,D,Pass,2022
STU0584,Male,Management,Group C,Below 60%,High School,Yes,No,3.4,22,24,30,25,20,121,24.2,D,Fail,2024
STU0585,Female,Arts,Group C,60-75%,Graduate,No,No,6.1,59,55,59,46,59,278,55.6,C,Pass,2022
STU0586,Male,Science,Group B,75-90%,Post Graduate,Yes,No,,50,50,57,64,72,293,58.6,C,Pass,2023
STU0587,Female,Science,Group A,Below 60%,Post Graduate,No,No,7.5,29,31,32,20,39,151,30.2,D,Fail,2024
STU0588,Female,Science,Group C,75-90%,Post Graduate,Yes,Yes,6.8,75,82,81,80,83,401,80.2,A,Pass,2024
STU0589,Male,Technology,Group A,Above 90%,High School,No,Yes,2.1,87,76,76,68,81,388,77.6,B,Pass,2023
STU0590,Female,Technology,Group C,60-75%,Post Graduate,No,No,7.1,55,43,51,62,58,269,53.8,C,Pass,2024
STU0591,Male,Management,Group A,75-90%,Graduate,No,No,6.2,63,62,61,59,46,291,58.2,C,Pass,2022
STU0592,Female,Management,Group B,60-75%,Graduate,No,Yes,5.8,69,76,55,64,72,336,67.2,B,Pass,2022
STU0593,Male,Management,Group B,Below 60%,Graduate,Yes,No,2.0,68,60,51,47,58,284,56.8,C,Pass,2024
STU0594,Female,Science,Group C,75-90%,Post Graduate,Yes,No,6.7,51,55,58,57,54,275,55.0,C,Pass,2022
STU0595,Male,Commerce,Group B,Below 60%,High School,No,No,5.7,50,62,39,45,50,246,49.2,D,Pass,2023
STU0596,Female,Technology,Group C,Below 60%,Post Graduate,No,No,7.1,46,48,50,45,60,249,49.8,D,Pass,2022
STU0597,Female,Arts,Group C,60-75%,Post Graduate,Yes,No,3.5,39,40,46,41,46,212,42.4,D,Pass,2024
STU0598,Male,Science,Group A,Above 90%,Graduate,Yes,Yes,4.0,79,77,73,68,73,370,74.0,B,Pass,2022
STU0599,Male,Technology,Group B,Below 60%,,Yes,No,5.7,49,46,48,44,23,210,42.0,D,Pass,2022
STU0600,Female,Technology,Group A,75-90%,Post Graduate,No,No,5.0,64,53,62,60,62,301,60.2,C,Pass,2024
STU0447,Female,Commerce,Group A,Above 90%,Post Graduate,Yes,Yes,4.0,79,80,85,72,78,394,78.8,B,Pass,2023
STU0405,Male,Science,Group A,Above 90%,Graduate,No,No,5.2,76,84,84,80,67,391,78.2,B,Pass,2023
STU0510,Female,Management,Group A,Above 90%,Graduate,No,No,1.8,72,68,67,65,58,330,66.0,B,Pass,2022
STU0456,Female,Commerce,Group C,Above 90%,Post Graduate,No,Yes,7.0,83,71,75,71,68,368,73.6,B,Pass,2022
STU0202,Female,Arts,Group C,Below 60%,Post Graduate,Yes,Yes,2.8,52,48,52,59,53,264,52.8,C,Pass,2023
STU0024,Male,Commerce,Group A,Below 60%,Graduate,No,Yes,3.3,50,67,52,73,63,305,61.0,C,Pass,2023
